,player_id,status,total_earn
0,.Ark,"Active
",6529
1,13abyKnight,"Active
",101159
2,1437,"Active
",193527
3,290,"Active
",2869
4,2GD,"Inactive
",
5,2hoi,"Active
",1827
6,33,"Active
",136800
7,4dr,"Active
",67777
8,5400,"Active
",407
9,633,"Active
",58995
10,71,"Active
",
11,7ckngMad,"Active
",76998
12,820,"Retired
",62466
13,86,"Active
",2495
14,876,"Active
",4420
15,897,"Active
",6814
16,9pasha,"Active
",1079009
17,@dogf1ghts,"Active
",174952
18,aabBAA,"Active
",12090
19,Ab1ng,"Active
",2362
20,Abed,"Active
",180000
21,Accel,"Active
",81486
22,Ace,"Active
",347511
23,Adam,"Active
",359101
24,AdmiralBulldog,"Retired
",627364
25,Admiration,"Inactive
",730
26,Adong,"Active
",6215
27,ADTR,"Active
",2284
28,Afoninje,"Active
",26195
29,AfrOmoush,"Active
",16383
30,AfterLife,"Active
",51661
31,Agressif,"Active
",862203
32,ah fu,"Active
",600909
33,Ahjit,"Active
",63150
34,Air,"Inactive
",39649
35,Akke,"Active
",637918
36,Alex,"Retired
",2030
37,ALOHADANCE,"Active
",150383
38,ALWAYSWANNAFLY,"Active
",204759
39,Ame,"Active
",661706
40,amoment,"Active
",269
41,ana,"Active
",607528
42,AnneeDroid,"Retired
",
43,Another,"Active
",2050
44,Apemother,"Inactive
",12024
45,Arise,"Active
",19371
46,Ariunbolor,"Active
",506
47,Armel,"Active
",46906
48,Arms,"Active
",73689
49,ARS-ART,"Retired
",83085
50,ArsZeeqq,"Active
",10867
51,Arteezy,"Active
",1287837
52,Artes,"Active
",19819
53,Artstyle,"Active
",356581
54,Attacker,"Active
",100
55,Atun,"Active
",10973
56,Atze,"Inactive
",969
57,Aui_2000,"Active
",1973100
58,AutumnWindz,"Active
",
59,Aville,"Active
",3340
60,Awoke,"Retired
",5000
61,Ax.Mo,"ActiveUCC Banned
",6587
62,Axx,"Active
",
63,Axypa,"Retired
",50
64,Ayesee,"Inactive
",
65,Ayo,"ActiveMars Media Banned
",63673
66,B,"Active
",8688
67,BafiK,"Active
",
68,Baga,"Active
",11269
69,Balsam,"Inactive
",1011
70,Banana,"Active
",1265530
71,BananaSlamJamma,"Active
",4390
72,baNhwA,"Inactive
",5884
73,Barash,"Inactive
",1260
74,bardo,"Active
",22149
75,Barry,,
76,Bashruk,"Active
",916
77,Basskip,"Active
",38
78,BBC,"Active
",
79,Bdiz,"Retired
",9014
80,Beesa,"Active
",7926
81,Ben,"Active
",8019
82,Benhur,"Active
",14119
83,Benjaz,"Active
",49408
84,Bignum,"Active
",14831
85,Bimbo,"Active
",67804
86,BinGo,"Active
",19106
87,Biryu,"Active
",1100
88,Biver,"Active
",33143
89,Black^,"Active
",238218
90,Blaze,"Active
",
91,Blazemon,"Active
",2034
92,bLink,"Active
",1959371
93,Blitz,"Active
",29320
94,Blizzy,"Active
",14463
95,Bloody Nine,"Active
",1800
96,blowyourbrain,"Active
",12594
97,BoBoKa,"Active
",428244
98,Bok,"Active
",12514
99,bOne7,"Active
",324446
100,Boombacs,"Active
",9085
101,boombell,"Active
",4160
102,Boris,"Active
",1900
103,Boxi,"Active
",
104,Brax,"Active
",29324
105,BreakyCPK,"Active
",
106,Bruno,"Inactive
",
107,bryle,"Active
",6500
108,bubu,"Active
",1381
109,bukka,"Active
",
110,BuLba,"Active
",197798
111,BungsellRotee,"Active
",4393
112,BurNIng,"Active
",869433
113,Buugi,"Active
",19344
114,BYB,"ActiveValve Banned
",9912
115,c4t,"Active
",44970
116,Cak3z,"Inactive
",1908
117,canceL^^,"Active
",18300
118,Capitalist,"Active
",40
119,Carn,"Inactive
",1352
120,carrot,"Active
",1294
121,CartMaN,"Active
",34867
122,CaspeRRR,"Active
",
123,Cast,"Active
",58879
124,CC&C,"Active
",116365
125,CemaTheSlayer,"Active
",98666
126,Chains,"Active
",5896
127,Chalice,"Active
",230605
128,Chao,"Inactive
",
129,ChaoYue,"Active
",15036
130,Chappie,"Active
",21685
131,Chessie,"Active
",107105
132,Chibix,"Active
",4275
133,chisbug,"Active
",47858
134,Chrillee,"Inactive
",3987
135,chshrct,"Active
",27305
136,ChuaN,"Active
",713484
137,Chuvash,"Active
",3713
138,Clairvoyance,"Active
",2800
139,ComeWithMe,"Active
",20859
140,Conrad,"Inactive
",
141,Cookie bear,"Active
",1000
142,Cooman,"Active
",7100
143,Corey,"Inactive
",29320
144,Costabile,"Active
",25711
145,Cr1t-,"Active
",1036163
146,craNich,"Active
",
147,Crazy,"Active
",15429
148,Crio_J,"Active
",1055
149,Crydasia,"Retired
",843
150,Crystallize,"Active
",54321
151,Cty,"Active
",375486
152,Cy,"Active
",629
153,Cyborgmatt,"Active
",
154,CyNiCaL,"Inactive
",6199
155,Cys,"Active
",4363
156,cYso,"Inactive
",400
157,dabeliuteef,"Inactive
",5944
158,DancingDragon,"Active
",180
159,dark,"Active
",34769
160,DD,"Inactive
",202660
161,ddc,"Active
",1298189
162,DDR,"Active
",5474
163,DDX-,"Retired
",1625
164,ddz,"ActiveValve Banned
",12317
165,DeMoN,"Retired
",198173
166,Dendi,"Active
",784820
167,destiny,"Active
",306
168,Ditya Ra,"Active
",112449
169,DJ,"Active
",568326
170,DkPhobos,"Active
",379539
171,dnz,"Active
",8104
172,Doctor,"Active
",3171
173,Dog_7,"Active
",782
174,doodle,"Active
",3596
175,Draskyl,"Active
",
176,Drayich,"Retired
",30
177,Dread,"Active
",34068
178,Dreamocel,"Active
",8242
179,DreamyU,"Inactive
",1393
180,Droog,"Active
",
181,DuBu,"Active
",456322
182,DurpDurp,"Active
",4838
183,Duster,"Active
",105962
184,Dutch_Freak,"Inactive
",59
185,DXM,"Active
",1062
186,Dy,"Active
",3321
187,Eagle,"Inactive
",2100
188,Ecnart,"Active
",6353
189,EGM,"Active
",667204
190,eL lisasH,"Active
",24114
191,eLeVeN,"Active
",840169
192,END,"Active
",399100
193,Eosin,"Retired
",29720
194,Era,"Active
",135666
195,eresloco,"Inactive
",2949
196,Eri Neeman,"Active
",
197,Eskillz,"Active
",4039
198,Etakaka,"Active
",258
199,EternaLEnVy,"Active
",909169
200,Ewe,"Active
",1770
201,Excalibur,"Active
",32243
202,Exotic_Deer,"Active
",24114
203,eyyou,"Active
",116556
204,f(x),"Inactive
",3323
205,Fade,,
206,Faith,"Active
",1690059
207,Faith_bian,"Active
",1967009
208,FaN,"Active
",11970
209,Fata,"Active
",848523
210,Fear,"Active
",2488048
211,Feaver,"Active
",
212,Febby,"Active
",566029
213,Feero,"Active
",5630
214,Fenrir,"Active
",1282005
215,Ferrari_430,"Active
",553224
216,Fervian,"Active
",1826
217,Fey,"Active
",1330
218,Fishbone,"Inactive
",540
219,Five,"Active
",411
220,Flens,"Active
",200
221,Flow,"Inactive
",1400
222,FLUFFNSTUFF,"Active
",38179
223,Fly,"Active
",1430589
224,Fly.,"Inactive
",300
225,Flyby,"Active
",18095
226,FlyingZebra,"Inactive
",2640
227,Flysolo,"Active
",7803
228,fn,"Active
",205495
229,fng,"Active
",413931
230,Fogged,"Active
",19779
231,Fonte,"Inactive
",8614
232,Forev,"Active
",503261
233,Foxx,"Inactive
",1410
234,FrancisLee,"Active
",10250
235,Freeze,"Active
",173295
236,Frigoleet,"Retired
",2813
237,Fronz,"Active
",1005
238,Frost,"Active
",7860
239,fROZEN,"Inactive
",100
240,Funn1k,"Active
",403426
241,Funzii,"Inactive
",9033
242,Fusheng,"Active
",351
243,fy,"Active
",1282383
244,Fyms,"Active
",
245,FzFz,"Active
",1290
246,G,"Active
",405756
247,g0g1,"Active
",6316
248,Gabbi,"Active
",31463
249,Gambling,"Active
",3176
250,Garder,"Active
",704740
251,Gareth,"Active
",
252,garter,"Active
",8671
253,Gedrox,"Active
",1941
254,GeneRaL,"Active
",165564
255,german player,"Active
",1219
256,GGwpLanaya,"Active
",546
257,GH,"Active
",2584890
258,ghost,,
259,Ghostik,"Active
",185060
260,GiGA,"Inactive
",676
261,Gintoki,"ActiveMars Media Banned
",41115
262,Gio,"Active
",2300
263,gnoji,"Inactive
",5428
264,GoAudio,"Inactive
",710
265,Goblak,"Active
",66943
266,goddam,"Active
",29818
267,Godot,"Active
",10123
268,GoDz,"Active
",
269,goking,"Active
",3321
270,Gorec,"Inactive
",24183
271,Gorgc,"Active
",1953
272,GranDGranT,"Active
",
273,Greedy,"Active
",13448
274,guanzo,"Inactive
",2400
275,Gudii,"Inactive
",1646
276,Guvara,"Active
",6106
277,H4nn1,"Active
",61219
278,Handsken,"Active
",184851
279,HANNAH_MONTANA,"Retired
",2875
280,Hao,"Inactive
",1747535
281,Heen,"Active
",81656
282,Heromu,"Inactive
",
283,HesteJoe-Rotten,"Active
",103966
284,hex0r,"Retired
",94
285,hFn,"Active
",142198
286,Hook-,"Active
",7390
287,HooNji,"Active
",3322
288,Hot_Bid,"Active
",
289,Hugo,"Active
",652
290,Hy,"Active
",6156
291,Hyac,"Inactive
",140
292,hyhy,"Active
",39050
293,Hym,"Inactive
",27085
294,i w o,,
295,iAnnihilate,"Active
",7835
296,Ice,,
297,Iceberg,"Active
",63230
298,iceice,"Active
",1998632
299,iceiceice,"Active
",1292134
300,Icy,"Active
",41303
301,Ifrit,"Active
",6853
302,Illidan,"Active
",366205
303,ilLogic,"Active
",3552
304,iLLusionisT,"Active
",2519
305,iLTW,"Active
",188238
306,ima_sheep(sux),"Inactive
",2608
307,Inflame,"Active
",596715
308,InJuly,"Inactive
",217915
309,Inkvizitor,"Inactive
",543
310,Inmate,"Retired
",600
311,iNSaNiA,"Active
",2593
312,Inverno,"Active
",
313,inYourdreaM,"Active
",10049
314,ixmike88,"Active
",29953
315,j4,"Active
",45097
316,Jabbz,"Active
",3974
317,Jabz,"Active
",221449
318,Jackal,"Inactive
",5772
319,Jacko,"InactiveValve Banned
",714
320,jaH,"Inactive
",400
321,James,"Active
",15756
322,Jason,"Active
",6340
323,jdh,"Active
",11873
324,Jenkins,"Active
",2800
325,Jeppins,"Inactive
",724
326,JerAx,"Active
",1056710
327,Jericho,"Active
",4200
328,Jerry,"Active
",428
329,JessieVash,"Active
",24791
330,JesusSt1ck,"Inactive
",3260
331,Jeyo,"Active
",76336
332,Jhoven,"Inactive
",2280
333,JiaJia,"Active
",18961
334,jigglebilly,"Inactive
",300
335,Jixing,"ActiveMars Media Banned
",55043
336,JoHnNy,"Active
",35962
337,jonassomfan,"Active
",107780
338,Joraal,"Active
",1055
339,JotM,"Active
",32396
340,Jubei,"Active
",11615
341,Julz,"Active
",38372
342,June,"Active
",81780
343,JUST,"Active
",3100
344,justin,"Active
",100
345,JyC,"InactiveValve Banned
",240
346,JyU,"Inactive
",27067
347,Kabu,"Active
",44856
348,Kaci Aitchison,"Active
",
349,kacor,"Active
",21182
350,KaHT,"Active
",1751
351,Kai,"Active
",3320
352,kaidou,"Active
",6015
353,Kaka,"Active
",1475075
354,KaNG,"Active
",42182
355,KBBQ,"Active
",
356,Kebap,"Inactive
",8631
357,Kecik Imba,"Active
",34854
358,Kefka,"Active
",8783
359,KeyaNo,"Inactive
",5400
360,Keyser,"Active
",34174
361,KheZu,"Active
",164799
362,Kikoni,"Active
",312
363,Kim0,"Active
",58482
364,KingJ,"Inactive
",72138
365,KingR,"Active
",50644
366,Kingrd,"Active
",143027
367,Kingteka,"Active
",52008
368,Kipspul,"Active
",
369,Klasynky,"Active
",799
370,Klotz22,"Active
",758
371,Koala,,
372,kole,"Active
",984
373,Korok,"Inactive
",23138
374,Kotarō Hayama,"Active
",59778
375,KotLGuy,"Active
",
376,kpii,"Active
",1488337
377,Kpoptosis,"Inactive
",
378,KSi,"Inactive
",7029
379,Kuku,"Active
",472105
380,KuroKy,"Active
",3629264
381,KvH,"Active
",3714
382,Kyle,"Active
",160417
383,KyrieDepra,"Inactive
",
384,KyT,"Active
",419
385,kYxY,"Active
",120578
386,L0lik_O,"Active
",1501
387,Lacoste,"Retired
",7765
388,LaKelz,"Active
",12090
389,Lanaro,"Active
",8067
390,Lance,,
391,LaNm,"Active
",1073467
392,Lapiz,"Inactive
",2038
393,LD,"Active
",
394,le,"Active
",39162
395,LeBronDota,"Active
",18407
396,LeoStyle-,"Active
",8628
397,Ler_GG,"Inactive
",
398,Li,"Active
",13057
399,Liekkas,"Active
",21529
400,LighTofHeaveN,"Retired
",269862
401,Lil,"Active
",906474
402,Lil_kin6,"Active
",2440
403,Limmp,"Active
",195878
404,Lin,"ActiveMars Media Banned
",179920
405,ling,"Active
",8219
406,Link,"Inactive
",2937
407,Liposa,"Active
",25332
408,lizZard,"Active
",1833
409,Loda,"Active
",692756
410,longb,"Active
",1997
411,LongDD,,
412,Loomdun,,
413,lordboonz,,
414,Lpc,,
415,lt,,
416,Lubby,,
417,Luft,,
418,LuLu^^,,
419,Luminous,,
420,Lwy,,
421,Lyrical,,
422,Machine,,
423,Madara,,
424,Maden,,
425,Maelk,,
426,MafiA,,
427,Mag,,
428,MagE-,,
429,MaGoma,,
430,maiki,,
431,Mambos,,
432,Mandy,,
433,Mango_Banana,,
434,MaNia,,
435,Mantis,,
436,maomao,,
437,March,,
438,marSu,,
439,Masakary,,
440,Masoku,,
441,mason,,
442,Masquerade,,
443,Massacre,,
444,Mastermind,,
445,Matrim,,
446,Matthew,,
447,MATUMBAMAN,,
448,Maut,,
449,Maybe Next Time,,
450,mdL,,
451,MelodyLovers,,
452,Meracle,,
453,Merlini,,
454,MeTTpuM,,
455,Mevius,,
456,miCKe,,
457,MidOne,,
458,miGGel,,
459,MiHawk,,
460,Mikasa,,
461,Mikey,,
462,MiLAN,,
463,MinD_ContRoL,,
464,Minerva,,
465,Mini,,
466,Miposhka,,
467,Miracle-,,
468,Mirakel,,
469,MISERY,,
470,Misha,,
471,Mitch,,
472,MJW,,
473,MMY!,,
474,Mofi,,
475,Monet,,
476,monkeys-forever,,
477,Monolith,,
478,Moo,,
479,Moogy,,
480,mool,,
481,Moon,,
482,Moonlight,,
483,MoonMeander,,
484,MoZuN-,,
485,MP,,
486,Mrrr,,
487,MS,,
488,MSS,,
489,mstco,,
490,MtR,,
491,Mtrx4u,,
492,Mu,,
493,Mushi,,
494,Mynuts,,
495,MyPro,,
496,N0tail,,
497,Nafari,,
498,Nahaz,,
499,Naive-,,
500,Nando,,
501,NeaR,,
502,Nedbone,,
503,nemphy,,
504,NEQROMAN,,
505,Net,,
506,Newsham,,
507,Nexus,,
508,Nikobaby,,
509,Nine,,
510,ninjaboogie,,
511,Niqua,,
512,Nisha,,
513,Nix,,
514,Nj,,
515,NO_Chanc3,,
516,noble,,
517,Nofear,,
518,Noia,,
519,Nokky,,
520,nongrata,,
521,Nono,,
522,Noone,,
523,Noxville,,
524,NS,,
525,NutZ,,
526,ODPixel,,
527,Offak,,
528,Ohaiyo,,
529,old chicken,,
530,oliver,,
531,OmegaPwner,,
532,Op,,
533,Ori,,
534,Origami,,
535,Owa,,
536,PAADA,,
537,Pablo,,
538,Pajkatt,,
539,Palantimos,,
540,Pandaego,,
541,Paparazi灬,,
542,Papita,,
543,PARIS,,
544,paS,,
545,Patos,,
546,PatSoul,,
547,PGG,,
548,Piao,,
549,pieliedie,,
550,Pikachu,,
551,PimpmuckL,,
552,Pingvincek,,
553,PiNoY,,
554,PlayHard,,
555,PLZDunKilme,,
556,Poloson,,
557,ppd,,
558,PrettyHaw,,
559,Primo,,
560,profheadshot,,
561,PSM,,
562,Puer tea,,
563,Puppey,,
564,Purge,,
565,pwN,,
566,PyrionFlax,,
567,pYung,,
568,Q,,
569,qd,,
570,qianqian,,
571,QO,,
572,qojqva,,
573,QQQ,,
574,QwisTa,,
575,r1sk,,
576,r5r5,,
577,Rabbit,,
578,RAI,,
579,RAMZES666,,
580,Ran,,
581,Rapy,,
582,Raven,,
583,ReaLaxXx,,
584,Reaves,,
585,Red,,
586,Redeye,,
587,Reelo,,
588,Reesion,,
589,Reisen,,
590,Resolut1on,,
591,Retribution,,
592,Rime,,
593,Riser,,
594,Ritsu,,
595,RMC,,
596,rmN-,,
597,Roddgeee,,
598,RodjER,,
599,RogerDodger,,
600,Rong,,
601,rOtK,,
602,RR,,
603,Runec,,
604,Ryoya,,
605,ryOyr,,
606,RyuUboruZ,,
607,Ryuya,,
608,Ryze,,
609,s4,,
610,Sag,,
611,Sai,,
612,Sakata,,
613,Saksa,,
614,Sam_H,,
615,SangSang,,
616,SANKE,,
617,SanSheng,,
618,Santa,,
619,Sayaka,,
620,Scabo,,
621,Scandal,,
622,scant,,
623,Sccc,,
624,SCL,,
625,Scofield,,
626,SCripted,,
627,sD,,
628,Sealkid,,
629,Sedoy,,
630,SeleCT,,
631,Seleri,,
632,September,,
633,Setsu,,
634,Seven,,
635,SexyBamboe,,
636,Sh4dowehhh,,
637,Shachlo,,
638,shadow,,
639,shaker,,
640,Shaneomad,,
641,Sharky,,
642,shatan,,
643,Sheever,,
644,Shiibbyy,,
645,Shiki,,
646,Shining,,
647,Shredder,,
648,Sifla,,
649,Silent,,
650,SingSing,,
651,SirActionSlacks,,
652,SKANKS224,,
653,Skemberlu,,
654,skrff,,
655,Sky,,
656,SkyLark,,
657,slahser,,
658,Slander,,
659,SlashStrike,,
660,Slayer,,
661,SLiCKz,,
662,SmAsH,,
663,smulgullig,,
664,Sneyking,,
665,Snoopy,,
666,Sober,,
667,Solen,,
668,Solitude,,
669,Solo,,
670,Somnus丶M,,
671,SoNNeikO,,
672,Sooths,,
673,Sovereign,,
674,Spin,,
675,sQreen,,
676,Srf,,
677,SsaSpartan,,
678,sss,,
679,STABA,,
680,Stan King,,
681,State21,,
682,Steffstyle,,
683,StingeR,,
684,Stomanen1,,
685,Strangby,,
686,sugar baby,,
687,SumaiL,,
688,SunBhie,,
689,Sune,,
690,Sunlight,,
691,SUNSfan,,
692,Super,,
693,super,,
694,Supreme,,
695,SVG,,
696,Swiftending,,
697,Swifty,,
698,Syeonix,,
699,Sylar,,
700,syndereN,,
701,Taiga,,
702,Tavo,,
703,TC,,
704,Teehee,,
705,The_apathy,,
706,TheHeartlessKing,,
707,Therence,,
708,Thiolicor,,
709,ThuG,,
710,TidesofTime,,
711,Timado,,
712,Tims,,
713,TnK,,
714,TobiWan,,
715,Toffees,,
716,Tone,,
717,TooFuckingGood,,
718,Topson,,
719,TpoH,,
720,Tralf,,
721,TrentPax,"Active
",
722,Trixi,"Active
",85484
723,Tsunami,"Active
",
724,Tudi,"Active
",6331
725,Tulex,"Inactive
",59
726,TuTu,"Retired
",400
727,twiSta,"Inactive
",1100
728,ubah,"Inactive
",5298
729,UnderShock,"Active
",19169
730,unicornxoxo,"Inactive
",3524
731,UNiVeRsE,"Active
",3000486
732,USH,"Active
",7960
733,v0ja,"Inactive
",
734,v1lat,"Active
",
735,Vaalix,"Inactive
",9635
736,vandersar,"Active
",
737,vanN,"ActiveValve Banned
",24085
738,VANSKOR,"Active
",127141
739,velheor,"Active
",2184
740,Velo,"Active
",23508
741,Victoria,"Active
",416866
742,Vigoss,"Inactive
",4935
743,w33,"Active
",1223496
744,Wagamama,"Active
",2858
745,Waixi,"Active
",1445
746,Warlog,"Inactive
",59
747,Waytosexy,"Active
",31958
748,weddingcrash,"Inactive
",500
749,wejustzik,"Active
",7018
750,Wenn,"Active
",15651
751,Weppas,"Active
",
752,whiteBeard,"Active
",25751
753,Windx,"Active
",2010
754,WinteR,"Active
",12140
755,WwD,"Active
",40
756,wwieWambo,"Active
",978
757,XaKoH,"Active
",3454
758,XBOCT,"Active
",651637
759,XDD,"Inactive
",3724
760,Xepher,"Active
",5384
761,xFreedom,"Active
",13884
762,Xi,"Active
",296278
763,xiangzai,"InactiveValve Banned
",2744
764,Xiao2lei,"Active
",38738
765,xiao8,"Active
",1818011
766,xiaofu,"Active
",5242
767,XiaoXiao,"Active
",4030
768,XinQ,"Active
",27736
769,xLucky,"Inactive
",6828
770,xMusiCa,"Active
",12962
771,xNova,"Active
",261964
772,xRag,"Active
",8012
773,XtiNcT,"Active
",91797
774,Xtt,"Active
",6828
775,xuan,,
776,Xxs,"Active
",408163
777,XXSJ,"Active
",1714
778,xy-,"Active
",97090
779,Xyclopz,"Active
",
780,Xz,"Active
",693250
781,y`,"Active
",1967009
782,Yabyoo,"Active
",5284
783,yAj,"Active
",6200
784,YamateH,"Active
",39111
785,Yang,"Active
",207633
786,Yao,"Active
",1191747
787,YaphetS,"Inactive
",3000
788,YapzOr,"Active
",383363
789,YawaR,"Active
",73893
790,yChen,"Active
",5344
791,Yin,"Active
",1759
792,yoky-,"Active
",118493
793,yol,"Active
",54088
794,yoona,"Active
",22030
795,YRG,"Active
",10541
796,Ysaera,"Inactive
",180
797,yxb,"Active
",2000
798,yxl,,
799,YYF,,
800,Zacky,,
801,zai,,
802,Zayac,,
803,Zenigata,,
804,Zeroji,,
805,ZeroPerfect,,
806,Zfreek,,
807,zhizhizhi,,
808,Zhou,,
809,ZippO,,
810,Zizou,,
811,ZSMJ,,
812,Ztok,,
813,zxc,,
814,Zyori,,
815,Zyzz,,
816,Женя,,
817,冷鸟,,
818,垃圾君,,
819,天命,,
820,小郭嘉,,
821,老A,,
822,荧,,
823,闷油瓶,,
